{"cameraMode":{"drawMode":0,"name":"Shaded","section":"Shading Mode"},"sceneLighting":true,"audioPlay":false,"sceneViewState":{"m_AlwaysRefresh":false,"showFog":true,"showSkybox":true,"showFlares":true,"showImageEffects":true,"showParticleSystems":true,"showVisualEffectGraphs":true,"m_FxEnabled":true},"in2DMode":false,"pivot":{"x":-49.195587158203128,"y":-20.278356552124025,"z":125.04966735839844},"rotation":{"x":-0.14566552639007569,"y":0.8510288000106812,"z":-0.29749318957328799,"w":-0.40823039412498476},"size":36.588741302490237,"orthographic":false}