{"cameraMode":{"drawMode":0,"name":"Shaded","section":"Shading Mode"},"sceneLighting":true,"audioPlay":false,"sceneViewState":{"m_AlwaysRefresh":false,"showFog":true,"showSkybox":true,"showFlares":true,"showImageEffects":true,"showParticleSystems":true,"showVisualEffectGraphs":true,"m_FxEnabled":true},"in2DMode":false,"pivot":{"x":-49.195587158203128,"y":-20.278356552124025,"z":125.04966735839844},"rotation":{"x":-0.30712756514549258,"y":-0.3876323401927948,"z":0.14187361299991609,"w":-0.8578574657440186},"size":111.37626647949219,"orthographic":false}