{"cameraMode":{"drawMode":0,"name":"Shaded","section":"Shading Mode"},"sceneLighting":true,"audioPlay":false,"sceneViewState":{"m_AlwaysRefresh":false,"showFog":true,"showSkybox":true,"showFlares":true,"showImageEffects":true,"showParticleSystems":true,"showVisualEffectGraphs":true,"m_FxEnabled":true},"in2DMode":false,"pivot":{"x":0.6277632713317871,"y":-0.011813163757324219,"z":1.3709197044372559},"rotation":{"x":0.04626934975385666,"y":0.9525080323219299,"z":-0.18664543330669404,"w":0.2361253947019577},"size":2.936047077178955,"orthographic":false}