{"cameraMode":{"drawMode":0,"name":"Shaded","section":"Shading Mode"},"sceneLighting":true,"audioPlay":false,"sceneViewState":{"m_AlwaysRefresh":false,"showFog":true,"showSkybox":true,"showFlares":true,"showImageEffects":true,"showParticleSystems":true,"showVisualEffectGraphs":true,"m_FxEnabled":true},"in2DMode":false,"pivot":{"x":-12.264083862304688,"y":30.611515045166017,"z":33.290733337402347},"rotation":{"x":0.025563182309269906,"y":-0.9750337600708008,"z":0.12006347626447678,"w":0.18675784766674043},"size":5.112113952636719,"orthographic":false}