{"cameraMode":{"drawMode":0,"name":"Shaded","section":"Shading Mode"},"sceneLighting":true,"audioPlay":false,"sceneViewState":{"m_AlwaysRefresh":false,"showFog":true,"showSkybox":true,"showFlares":true,"showImageEffects":true,"showParticleSystems":true,"showVisualEffectGraphs":true,"m_FxEnabled":true},"in2DMode":false,"pivot":{"x":-79.03003692626953,"y":12.921882629394532,"z":20.944820404052736},"rotation":{"x":-0.007435936480760574,"y":-0.9893361926078796,"z":0.12402193993330002,"w":-0.08007745444774628},"size":101.76754760742188,"orthographic":false}