{"cameraMode":{"drawMode":0,"name":"Shaded","section":"Shading Mode"},"sceneLighting":true,"audioPlay":false,"sceneViewState":{"m_AlwaysRefresh":false,"showFog":true,"showSkybox":true,"showFlares":true,"showImageEffects":true,"showParticleSystems":true,"showVisualEffectGraphs":true,"m_FxEnabled":true},"in2DMode":false,"pivot":{"x":-49.195587158203128,"y":-20.278356552124025,"z":125.04966735839844},"rotation":{"x":-0.29049986600875857,"y":0.15982800722122193,"z":-0.04645112529397011,"w":-0.9426222443580627},"size":61.97262954711914,"orthographic":false}