{"cameraMode":{"drawMode":0,"name":"Shaded","section":"Shading Mode"},"sceneLighting":true,"audioPlay":false,"sceneViewState":{"m_AlwaysRefresh":false,"showFog":true,"showSkybox":true,"showFlares":true,"showImageEffects":true,"showParticleSystems":true,"showVisualEffectGraphs":true,"m_FxEnabled":true},"in2DMode":false,"pivot":{"x":-0.6617050170898438,"y":3.8732686042785646,"z":-1.4833259582519532},"rotation":{"x":-0.047859400510787967,"y":0.9176600575447083,"z":-0.11652927845716477,"w":-0.37688496708869936},"size":13.608617782592774,"orthographic":false}